唉,"interjection or grunt of agreement or recognition (e.g. yes, it's me!); to sigh"
爱护,to cherish; to treasure; to take care of; to love and protect
爱惜,to cherish; to treasure; to use sparingly
爱心,compassion; CL:片[pian4]
安慰,to comfort; to console; CL:個|个[ge4]
安装,install; erect; fix; mount; installation
岸,bank; shore; beach; coast; CL:個|个[ge4]
把握,to grasp (also fig.); to seize; to hold; assurance; certainty; sure (of the outcome)
摆,to arrange; to exhibit; to move to and fro; a pendulum
班主任,a teacher in charge of a class
办理,to handle; to transact; to conduct
棒,a stick; club or cudgel; smart; capable; strong; wonderful; classifier for legs of a relay race
傍晚,in the evening; when night falls; towards evening; at night fall; at dusk
包裹,wrap up; bind up; bundle; parcel; package; CL:個|个[ge4]
包含,to contain; to embody; to include
包子,steamed stuffed bun; CL:個|个[ge4]
薄,thin; cold in manner; indifferent; weak; light; infertile
宝贝,treasured object; treasure; darling; baby; cowry; good-for-nothing or queer character
宝贵,valuable; precious; value; treasure; set store by
保持,to keep; to maintain; to hold; to preserve
保存,to conserve; to preserve; to keep; to save (a file etc) (computing)
保留,to retain; to continue to have; to preserve; to maintain; to reserve; reservations; to hold back (approval or acceptance)
保险,insurance; to insure; safe; secure; be sure; be bound to; CL:份[fen4]
报告,"to inform; report; make known; speech; talk; lecture; CL:篇[pian1],份[fen4],個|个[ge4],通[tong4]"
悲观,pessimistic
背,"back; the backside; to do something behind someone's back; to learn and recite something by heart; unlucky
"
背景,background; backdrop; context; CL:種|种[zhong3]
被子,quilt; CL:床[chuang2]
本科,undergraduate course; undergraduate (adjective)
本领,"skill; ability; capability; CL:項|项[xiang4],個|个[ge4]"
本质,essence; nature; innate character; intrinsic quality
比例,proportion; scale
比如,for example; for instance; such as
彼此,each other; one another
毕竟,after all; all in all; when all is said and done; in the final analysis
避免,to avert; to prevent; to avoid; to refrain from
必然,inevitable; certain; necessity
必需,to need; to require; essential; indispensable
必要,necessary; essential; indispensable; required
编辑,to edit; to compile; editor; compiler
鞭炮,firecrackers; a string of small firecrackers; CL:枚[mei2]
便,ordinary; plain; convenient; as convenient; when the chance arises; handy; easy; informal; simple; so; thus; to relieve oneself; to urinate; to defecate; equivalent to 就: then; in that case; even if; soon afterwards
辩论,"debate; argument; to argue over; CL:場|场[chang3],次[ci4]"
标点,punctuation; a punctuation mark; to punctuate; CL:個|个[ge4]
标志,sign; mark; symbol; symbolize; to indicate; to mark
表面,surface; face; outside; appearance
表明,to make clear; to make known; to state clearly; to indicate; known
表情,(facial) expression; to express one's feelings; expression
表现,to show; to show off; to display; to manifest; expression; manifestation; show; display; performance (at work etc)
丙,"third of 10 heavenly stems 十天干; third in order; letter ""C"" or roman ""III"" in list ""A, B, C"", or ""I, II, III"" etc; propyl"
病毒,virus
玻璃,"glass; nylon; plastic; CL:張|张[zhang1],塊|块[kuai4]"
博物馆,museum
脖子,neck; CL:個|个[ge4]
不必,need not; does not have to
不断,unceasing; uninterrupted; continuous; constant
不见得,not necessarily; not likely
不耐烦,impatience; impatient
不要紧,unimportant; not serious; it doesn't matter; never mind; it looks all right; but
补充,to replenish; to supplement; to complement; additional; supplementary; CL:個|个[ge4]
布,cloth; to declare; to announce; to spread; to make known
不安,unpeaceful; unstable; uneasy; disturbed; restless; worried
不得了,desperately serious; disastrous; extremely; exceedingly
不好意思,to feel embarrassed; to be ill at ease; to find it embarrassing (to do sth)
不免,unavoidable
不然,not so; no; or else; otherwise; if not
不如,not equal to; not as good as; inferior to; it would be better to
不足,insufficient; lacking; deficiency; not enough; inadequate; not worth; cannot; should not
部门,department; branch; section; division; CL:個|个[ge4]
步骤,step; move; measure
财产,property; CL:筆|笔[bi3]
踩,to step on; to tread; to stamp; to press a pedal; to pedal (a bike)
采访,to interview; to gather news; to hunt for and collect; to cover
采取,"to adopt or carry out (measures, policies, course of action); to take"
彩虹,rainbow
参考,consultation; reference; to consult; to refer
参与,to participate (in sth)
餐厅,"dining-hall; dining-room; restaurant; CL:間|间[jian1],家[jia1]"
残疾,disabled; handicapped; deformity on a person or animal
惭愧,ashamed
操场,playground; sports field; drill ground; CL:個|个[ge4]
操心,to worry about
册,book; booklet; classifier for books
厕所,"toilet; lavatory; CL:間|间[jian1],處|处[chu4]"
测验,"test; to test; CL:次[ci4],個|个[ge4]"
曾经,once; already; former; previously; ever; (past tense marker used before verb or clause)
插,to insert; stick in; pierce; to take part in; to interfere; to interpose
差别,difference; distinction; diversity; disparity
叉子,fork; CL:把[ba3]
拆,to tear open; to tear down; to tear apart; to open
产品,goods; merchandise; product; CL:個|个[ge4]
产生,to arise; to come into being; to come about; to give rise to; to bring into being; to bring about; to produce; to engender; to generate; to appear; appearance; emergence; generation; production; yield
长途,long distance
常识,common sense; general knowledge; CL:門|门[men2]
抄,to copy; to plagiarize; to search and seize; to go; to transcribe; to take a shortcut; to search and confiscate
朝,imperial or royal court; government; dynasty; reign of a sovereign or emperor; court or assembly held by a sovereign or emperor; to make a pilgrimage to; facing; towards
朝代,dynasty; reign (of a king)
炒,saute; pan-fry; to fry; fried
吵架,to quarrel; to have a row; CL:頓|顿[dun4]
车库,garage
车厢,carriage; CL:節|节[jie2]
彻底,thorough; thoroughly; complete
沉默,silence; uncommunicative
趁,to avail oneself of; to take advantage of
称,to weigh; to state; to name; name; appellation; to praise
称呼,to call; to address as; appellation
称赞,to praise; to acclaim; to commend; to compliment
乘,to ride; to mount; to make use of; to avail oneself of; to take advantage of; to multiply (mathematics); Buddhist sect or creed
承担,to undertake; to assume (responsibility etc)
承认,"to admit; to concede; to recognize; recognition (diplomatic, artistic etc); to acknowledge"
承受,to bear; to support; to inherit
程度,degree (level or extent); level; CL:個|个[ge4]
程序,procedures; sequence; order; computer program
成分,composition; make-up; ingredient; element; component; one's social status; CL:個|个[ge4]
成果,result; achievement; gain; profit; CL:個|个[ge4]
成就,accomplishment; success; attain a result; achievement; CL:個|个[ge4]
成立,to establish; to set up; to be tenable; to hold water
成语,"Chinese set expression, often made up of 4 characters or two couplets of 4 characters each, often alluding to a story or historical quotation; idiom; proverb; saying; adage; set expression; CL:條|条[tiao2],本[ben3],句[ju4]"
成长,to mature; to grow; growth
诚恳,sincere; honest; cordial
吃亏,to suffer losses; to come to grief; to lose out; to get the worst of it; to be at a disadvantage; unfortunately
持续,to continue; to persist; sustainable; preservation
池子,pond; CL:個|个[ge4]
尺子,rule; ruler (measuring instrument); CL:把[ba3]
翅膀,"wing; CL:個|个[ge4],對|对[dui4]"
冲,(of water) to dash against; to mix with water; to infuse; to rinse; to flush; to develop (a film); to rise in the air; to clash; to collide with
充电器,battery charger
充分,full; abundant
充满,full of; brimming with; very full; permeated
重复,to repeat; to duplicate; CL:個|个[ge4]
宠物,house pet
抽屉,drawer
抽象,abstract
丑,"clown; surname Chou; 2nd earthly branch: 1-3 a.m., 12th solar month (6th January to 3rd February), year of the Ox"
臭,stench; stink; smelly; to smell (bad)
出版,to publish; to come off the press; to put out
出口,an exit; CL:個|个[ge4]; to speak; to export; (of a ship) to leave port
出色,remarkable; outstanding
出席,to attend; to participate; present
初级,junior; primary
除,to get rid of; to remove; to exclude; to eliminate; to wipe out; to divide; except; not including
除非,"only if (..., or otherwise, ...); only when; only in the case that; unless"
除夕,(New Year's) Eve
处理,to handle; to treat; to deal with; to process; CL:個|个[ge4]
传播,to disseminate; to propagate; to spread
传递,to transmit; to pass on to sb else
传染,to infect; contagious
传说,legend; folklore; tradition; it is said; they say that...
传统,tradition; traditional; convention; conventional; CL:個|个[ge4]
窗帘,window curtains
闯,to rush; to charge; to dash; to break through; to temper oneself (through battling hardships)
创造,to create; to bring about; to produce; CL:個|个[ge4]
吹,to blow; to play a wind instrument; to blast; to puff; to boast; to brag; to end in failure; to fall through
磁带,"magnetic tape; CL:盤|盘[pan2],盒[he2]"
辞职,to resign
此外,besides; in addition; moreover; furthermore
次要,secondary
刺激,to provoke; to irritate; to upset; to stimulate; to excite; irritant
匆忙,hasty; hurried
从此,from now on; since then; henceforth
从而,thus; thereby
从前,previously; formerly; once upon a time
从事,to go for; to engage in; to undertake; to deal with; to handle; to do
醋,vinegar
促进,to promote (an idea or cause); to advance; boost
促使,to induce; to promote; to urge; to impel; to bring about; to provoke; to drive (sb to do sth); to catalyze; to actuate; to contribute to (some development)
催,to urge; to press; to prompt; to rush sb; to hasten sth; to expedite
存,exist; deposit; store; keep; survive
存在,to exist; to be
错误,error; mistake; mistaken; CL:個|个[ge4]
措施,measure; step (to be taken); CL:個|个[ge4]
答应,to promise; to agree; to reply; to respond
达到,to reach; to achieve; to attain
打工,to work (do manual labor for a living); a part time job; to moonlight
打交道,to come into contact with; to have dealings
打喷嚏,to sneeze
打听,to ask about; to inquire about
打招呼,to greet sb by word or action; to give prior notice
大方,expert; scholar; mother earth; a type of green tea
大象,elephant; CL:隻|只[zhi1]
大型,large scale; wide scale; broad scale
呆,foolish; stupid; expressionless; blank; to stay
贷款,a loan; to provide a loan (e.g. bank); CL:筆|笔[bi3]
待遇,treatment; pay; wages; status; salary
单纯,simple; pure; alone; merely
单调,monotonous
单独,alone; by oneself; on one's own
单位,a unit; unit (of measure); work unit (one's workplace); CL:個|个[ge4]
单元,unit; entrance number; staircase (for residential buildings)
担任,to hold a governmental office or post; to assume office of; to take charge of; to serve as
耽误,delay; hold-up; to waste time; to interfere with
胆小鬼,coward
淡,insipid; diluted; weak; mild; light in color; tasteless; fresh; indifferent; nitrogen
当代,the present age; the contemporary era
挡,to resist; to obstruct; to hinder; to keep off; to block (a blow); to get in the way of; cover; gear
岛,"island; CL:個|个[ge4],座[zuo4]"
倒霉,have bad luck; be out of luck
导演,direct; director (film etc)
导致,to lead to; to create; to cause; to bring about
倒,to move backwards; converse
到达,to reach; to arrive
道德,virtue; morality; ethics; moral; CL:種|种[zhong3]
道理,reason; argument; sense; principle; basis; justification; CL:個|个[ge4]
登机牌,boarding pass
登记,to register (one's name)
等待,wait for; await
等候,waiting
等于,to equal; to be tantamount to
滴,a drop; to drip
的确,really; indeed
敌人,enemy; CL:個|个[ge4]
递,to hand over; to pass on sth; to gradually increase or decrease; progressively
地道,authentic; genuine; typical;
地理,geography
地区,"local; regional; district (not necessarily formal administrative unit); region; area; as suffix to city name, means prefecture or county (area administered by a prefecture level city or county level city); CL:個|个[ge4]"
地毯,carpet; rug
地位,position; status; place; CL:個|个[ge4]
地震,earthquake
点头,to nod
点心,light refreshments; pastry; dimsum (in Cantonese cooking); dessert
电池,"battery; CL:節|节[jie2],組|组[zu3]"
电台,transmitter-receiver; broadcasting station; radio station; CL:個|个[ge4]
钓,to fish with a hook and bait
丁,cubes of meat and vegetables; man;   members of a family; population; fourth of 10 heavenly stems 十天干; 
顶,"apex; crown of the head; top; roof; to carry on the head; to push to the top; to go against; most; to replace; to substitute; classifier for headwear, hats, veils etc; to agree or support (internet slang, similar to digg)"
冻,to freeze; to feel very cold; aspic or jelly
洞,cave; hole; zero (unambiguous spoken form when spelling out numbers); CL:個|个[ge4]
动画片,cartoon; animation
逗,to stay; to stop; to pause (while reading); to tease (play with)
豆腐,tofu; bean curd
独立,independent; independence; to stand alone
独特,unique; distinct; having special characteristics
度过,spend; pass
短信,text message; SMS
堆,a pile; a mass; heap; stack
对比,contrast; balance; CL:個|个[ge4]
对待,to treat; treatment
对方,counterpart; other person involved; opposite side; other side; receiving party
对手,opponent; adversary; match
对象,target; object; partner; boyfriend; girlfriend; CL:個|个[ge4]
对于,regarding; as far as sth is concerned; with regards to
吨,ton; Taiwan pr. dun4
蹲,to crouch; to squat
多亏,thanks to; luckily
多余,superfluous; unnecessary; surplus
躲藏,to hide oneself
恶劣,vile; nasty; of very poor quality
发表,to issue (a statement); to publish; to issue; to put out
发愁,to worry; to fret; to be anxious; to become sad
发达,developed (country etc); flourishing; to develop
发抖,shiver; shudder; tremble; tremulous
发挥,to display; to exhibit; to bring out implicit or innate qualities; to express (a thought or moral); to develop (an idea); to elaborate (on a theme)
发明,to invent; invention; CL:個|个[ge4]
发票,invoice; receipt or bill for purchase
发言,statement; utterance; CL:個|个[ge4]
罚款,(impose a) fine; penalty; fine (monetary)
法院,court of law; court
翻,to turn over; to flip over; to overturn; to translate; to decode
繁荣,prosperous; booming (economy)
凡是,every; all
反而,instead; on the contrary; contrary (to expectations)
反复,repeatedly; over and over
反应,to react; to respond; reaction; response; reply; chemical reaction; CL:個|个[ge4]
反正,to put things back in order; to return to the correct path; in any event; come what may; whatever happens (I'm still sure it's right); anyway
方,"square; power or involution (mathematics); upright; honest; fair and square; direction; side; party (to a contract, dispute etc); place; method; prescription (medicine); upright or honest; just when; only or just; classifier for square things; abbr. for square or cubic meter
"
方案,plan; program (for action etc); proposal; proposed bill; CL:個|个[ge4]
方式,way (of life); pattern; style; mode; manner; CL:個|个[ge4]
妨碍,to hinder; to obstruct
房东,landlord
仿佛,to seem; as if; alike; similar
放松,to loosen; to relax
非,non-; not-; un-; abbr. for Africa 非洲; wrong; evil-doing; insist on; simply must
肥皂,"soap; CL:塊|块[kuai4],條|条[tiao2]"
肺,lung; CL:個|个[ge4]
废话,nonsense; rubbish; superfluous words; You don't say!; No kidding! (gently sarcastic)
费用,"cost; expenditure; expense; CL:筆|笔[bi3],個|个[ge4]"
分别,to part or leave each other; to distinguish; difference; in different ways; differently; separately or individually
分布,distributed; to distribute
分配,to distribute; to assign; to allocate
分析,to analyze; analysis; CL:個|个[ge4]
纷纷,one after another; in succession; one by one; continuously; diverse; in profusion; numerous and confused; pell-mell
奋斗,to strive; to struggle
愤怒,angry; indignant
风格,style
风俗,social custom; CL:個|个[ge4]
风险,risk; venture; hazard
疯狂,madness; extreme popularity
讽刺,to satirize; to mock; irony; satire; sarcasm
否定,to negate; negative (answer); CL:個|个[ge4]
否认,to declare to be untrue; to deny
扶,to support with hand; to help sb up; to help
幅,width; roll; classifier for textiles or pictures
服从,to obey (an order); to comply; to defer
服装,dress; clothing; costume; clothes; CL:身[shen1]
辅导,to coach; to tutor; to give advice (in study)
付款,pay; payment
妇女,woman
复制,to duplicate; to make a copy of; to copy; to reproduce; to clone
改革,to reform; CL:個|个[ge4]
改进,to improve; to make better; CL:個|个[ge4]
改善,to make better; to improve; CL:個|个[ge4]
改正,to correct; to amend; to put right; correction; CL:個|个[ge4]
盖,lid; top; cover; canopy; to build
概括,to summarize; to generalize; briefly; CL:個|个[ge4]
概念,concept; idea; CL:個|个[ge4]
干脆,straightforward; clear-cut; blunt (e.g. statement); you might as well; simply
感激,to express thanks; grateful; moved to gratitude
感受,to sense; perception; to feel (through the senses); a feeling; an impression; an experience
感想,"impressions; reflections; thoughts; CL:通[tong4],個|个[ge4]"
赶紧,hurriedly
赶快,at once; immediately
干活儿,to work; manual labor
钢铁,steel
高档,superior quality; high grade; top grade
高速公路,expressway; highway; freeway
搞,to do; to make; to go in for; to set up; to get hold of; to take care of
告别,to leave; to bid farewell to; to say good-bye to
胳膊,"arm; CL:隻|只[zhi1],條|条[tiao2],雙|双[shuang1]"
鸽子,pigeon; dove; various birds of the species Columbidae
隔壁,next door
革命,revolution; revolutionary (politics); CL:次[ci4]
格外,especially; particularly
个别,individual; specific; respective; just one or two
个人,individual; personal; oneself
个性,individuality; personality
各自,each; respective; apiece
根,"root; basis; classifier for long slender objects, e.g. cigarettes, guitar strings; CL:條|条[tiao2]; radical (chemistry)"
根本,fundamental; basic; root; simply; absolutely (not); (not) at all; CL:個|个[ge4]
更加,more (than sth else); even more
公布,to announce; to make public; to publish
公开,public; to publish; to make public
公平,fair; impartial
公寓,apartment building; block of flats; CL:套|套[tao4]
公元,(year) AD; Christian era
公主,princess
工厂,"factory; CL:家[jia1],座[zuo4]"
工程师,"engineer; CL:個|个[ge4],位[wei4],名[ming2]"
工人,"worker; CL:個|个[ge4],名[ming2]"
工业,industry; CL:種|种[zhong3]
功夫,skill; art; kung fu; labor; effort
功能,function; capability
贡献,to contribute; to dedicate; to devote; contribution; CL:個|个[ge4]
沟通,communicate
构成,to constitute; to form; to compose; to make up; to configure (computing)
姑姑,paternal aunt; CL:個|个[ge4]
姑娘,girl; young woman; young lady; daughter; CL:個|个[ge4]
古代,ancient times; olden times
古典,classical
古老,ancient; old; age-old
鼓舞,heartening (news); boost (morale); CL:個|个[ge4]
股票,share; stock (market)
骨头,"bone; strong character; CL:根[gen1],塊|块[kuai4]"
固定,fixed; set; regular
固体,solid
雇佣,to employ; to hire
挂号,to register (a letter etc)
乖,"(of a child) obedient, well-behaved; clever; shrewd; alert; perverse; contrary to reason; irregular; abnormal"
拐弯,to go round a curve; to turn a corner; fig. a new direction
怪不得,lit. you can't blame it!; no wonder!; so that's why!
官,official; government; organ of body; CL:個|个[ge4]
关闭,to close; to shut
关怀,care; solicitude; to show care for; concerned about; attentive to
观察,to observe; to watch; to survey; to examine; observation; view; perspective; CL:個|个[ge4]
观点,point of view; viewpoint; standpoint; CL:個|个[ge4]
观念,notion; thought; concept; sense; views; ideology; general impressions
管子,tube; pipe; drinking straw; CL:根[gen1]
冠军,champion; CL:個|个[ge4]
罐头,tin; can; CL:個|个[ge4]
光滑,glossy; sleek; smooth
光临,(honorific) Welcome!; You honor us with your presence.; It is an honor to have you.
光明,light; illumination; radiance (esp. glory of Buddha etc); fig. bright prospect; openhearted
光盘,"compact disc; CD or DVD; CD ROM; CL:片[pian4],張|张[zhang1]"
光荣,honor and glory; CL:個|个[ge4]
广场,a public square (e.g. Tiananmen Square); plaza; CL:個|个[ge4]
广大,(of an area) vast or extensive; large-scale; widespread; (of people) numerous
广泛,extensive; wide range
规矩,lit. compass and set square; fig. established standard; rule; customs; practices; fig. upright and honest; well-behaved
规律,rule (e.g. of science); law of behavior; regular pattern; rhythm; discipline
规模,scale; scope; extent; CL:個|个[ge4]
规则,rule; regulation; rules and regulations
柜台,sales counter; front desk; bar
滚,to boil; to roll; get lost (imperative); take a hike
锅,"pot; pan; boiler; CL:口[kou3],隻|只[zhi1]"
国籍,nationality
国庆节,PRC National Day (October 1st)
果实,fruit; gains
过分,excessive; undue; overly
过敏,to be allergic; allergy
过期,to be overdue; to exceed the time limit; to expire (as in expiration date)
哈,laughter; yawn; abbr. for Kazakhstan
海关,customs (i.e. border crossing inspection); CL:個|个[ge4]
海鲜,seafood
喊,call; cry; to shout
行业,industry; business
豪华,luxurious
好奇,inquisitive; curious
和平,peace
何必,there is no need; why should
何况,much less; let alone
合法,lawful; legitimate; legal
合理,rational; reasonable; fair
合同,(business) contract; CL:個|个[ge4]
合影,joint photo; group photo
合作,to cooperate; to collaborate; to work together; cooperation; CL:個|个[ge4]
核心,core; nucleus
恨,to hate; to regret
横,horizontal; across; (horizontal character stroke)
后果,consequences; aftermath
忽视,to neglect; to ignore
呼吸,to breathe
壶,pot; classifier for bottled liquid
蝴蝶,butterfly; CL:隻|只[zhi1]
胡说,to talk nonsense; drivel
胡同,lane; alley; CL:條|条[tiao2]
胡须,"beard; CL:根[gen1],綹|绺[liu3]"
糊涂,muddled; silly; confused
花生,peanut; groundnut; CL:粒[li4]
滑冰,to skate; skating
划船,to row a boat; rowing boat; rowing (sport)
华裔,ethnic Chinese; non-Chinese citizen of Chinese ancestry
话题,subject (of a talk or conversation); topic
化学,chemistry; chemical
怀念,to cherish the memory of; to think of; reminisce
缓解,to ease; to help relieve (a crisis)
幻想,delusion; fantasy
慌张,confused; flustered
黄瓜,cucumber; CL:條|条[tiao2]
黄金,gold
皇帝,emperor; CL:個|个[ge4]
皇后,empress; imperial consort
挥,to wave; to brandish; to wipe away; to command; to conduct; to scatter; to disperse
灰,ash; dust; lime; gray; discouraged; dejected
灰尘,dust
灰心,lose heart; be discouraged
恢复,to reinstate; to resume; to restore; to recover; to regain; to rehabilitate
汇率,exchange rate
婚礼,wedding ceremony; wedding
婚姻,matrimony; wedding; marriage; CL:次[ci4]
活跃,active; vigorous
火柴,"match (for lighting fire); CL:根[gen1],盒[he2]"
伙伴,partner; companion; comrade
基本,basic; fundamental; main; elementary
机器,"machine; CL:臺|台[tai2],部[bu4],個|个[ge4]"
激烈,intense; acute; fierce
肌肉,muscle; flesh
及格,to pass a test
急忙,hastily
集体,collective; social; team; CL:個|个[ge4]
集中,to concentrate; to centralize; to focus; centralized; concentrated; to put together
记录,record; CL:個|个[ge4]
记忆,memories; remember; memory; CL:個|个[ge4]
计算,to count; to calculate; to compute; CL:個|个[ge4]
系领带,tie one's necktie
纪录,record
纪律,discipline
纪念,to commemorate; to remember; CL:個|个[ge4]
寂寞,lonely; lonesome
家庭,"family; household; CL:戶|户[hu4],個|个[ge4]"
家务,household duties; housework
家乡,hometown; native place; CL:個|个[ge4]
嘉宾,esteemed guest; honored guest
夹子,clip; clamp; tongs; folder; wallet
甲,"first of the ten heavenly stems 十天干|十天干[shi2 tian1 gan1]; (used for an unspecified person or thing); first (in a list, as a party to a contract etc); armor plating; shell or carapace; (of the fingers or toes) nail; bladed leather or metal armor (old); ranking system used in the Imperial examinations (old); civil administration unit (old)"
假如,if
假装,to feign; to pretend
嫁,(of a woman) to marry; to marry off a daughter; to shift (blame etc)
价值,"value; worth; fig. values (ethical, cultural etc); CL:個|个[ge4]"
驾驶,"to pilot (ship, airplane etc); to drive"
煎,to pan fry; to sauté
肩膀,shoulder
坚决,firm; resolute; determined
坚强,staunch; strong
艰巨,arduous; terrible (task); very difficult; formidable
艰苦,difficult; hard; arduous
尖锐,sharp; intense; penetrating; pointed; acute (illness)
捡,to pick up; to collect; to gather
简历,Curriculum Vitae (CV); résumé (resume); biographical notes
简直,simply; at all; practically
剪刀,scissors; CL:把[ba3]
健身房,gym; gymnasium
建立,to build; to establish; to set up; to found
建设,to build; to construct; construction; constructive
建议,"to propose; to suggest; to recommend; proposal; suggestion; recommendation; CL:個|个[ge4],點|点[dian3]"
建筑,building; to construct; Taiwan pr. jian4 zhu2; CL:個|个[ge4]
键盘,keyboard
讲究,to pay particular attention to; exquisite; aesthetic
讲座,a course of lectures; CL:個|个[ge4]
降落,to descend; to land
酱油,soy sauce
浇,to pour liquid; to irrigate (using waterwheel); to water; to cast (molten metal); to mold
交换,to exchange; to swap; to switch (telecom); commutative (math); to commute
交际,communication; social intercourse
郊区,suburban district; outskirts; suburbs; CL:個|个[ge4]
胶水,glue
角度,angle; point of view
狡猾,crafty; cunning; sly
教材,teaching material; CL:本[ben3]
教练,"instructor; sports coach; trainer; CL:個|个[ge4],位[wei4],名[ming2]"
教训,a lesson; a moral; to chide sb; to lecture sb
接触,to touch; to contact; access; in touch with
接待,to receive (a visitor); to admit (allow sb to enter)
接近,near; close to
接着,to catch and hold on; to continue; to go on to do sth; to follow; to carry on; then; after that; subsequently; to proceed; to ensue; in turn; in one's turn
阶段,stage; section; phase; period; CL:個|个[ge4]
结实,rugged; sturdy
节,"festival; holiday; node; joint; section; segment; part; to economize; to save; to abridge; moral integrity; classifier for segments, e.g. lessons, train wagons, biblical verses; CL:個|个[ge4]"
节省,saving; to save; to use sparingly; to cut down on
结构,"structure; composition; makeup; architecture; CL:座[zuo4],個|个[ge4]"
结合,to combine; to link; to integrate; binding; CL:次[ci4]
结论,conclusion; verdict; CL:個|个[ge4]; to conclude; to reach a verdict
结账,to pay the bill; to settle accounts; also written 結帳|结帐
解放,to liberate; to emancipate; liberation; refers to the Communists' victory over the Nationalists in 1949; CL:次[ci4]
解说员,commentator
届,"to arrive at (place or time); period; to become due; classifier for events, meetings, elections, sporting fixtures etc"
借口,to use as an excuse; on the pretext
戒烟,to give up smoking
戒指,(finger) ring
金属,metal; CL:種|种[zhong3]
紧,tight; strict; close at hand; near; urgent; tense; hard up; short of money; to tighten
紧急,urgent; emergency
谨慎,cautious; prudent
进步,progress; improvement; to improve; to progress; CL:個|个[ge4]
进口,to import; imported
近代,modern times
尽力,to strive one's hardest; to spare no effort
尽量,as much as possible; to the greatest extent
精力,energy
经典,the classics; scriptures; classical
经营,to engage in (business etc); to run; to operate
景色,scenery; scene; landscape; view
敬爱,respect and love
酒吧,bar; pub; saloon; CL:家[jia1]
救,to save; to assist; to rescue
救护车,ambulance; CL:輛|辆[liang4]
舅舅,mother's brother; maternal uncle (informal); CL:個|个[ge4]
居然,unexpectedly; to one's surprise; go so far as to
桔子,"tangerine; CL:個|个[ge4],瓣[ban4]"
举,to lift; to hold up; to cite; to enumerate; to act; to raise; to choose; to elect
具备,to possess; to have; equipped with; able to fulfill (conditions or requirements)
具体,concrete; definite; specific
巨大,huge; immense; very large; tremendous; gigantic; enormous
聚会,party; gathering; to meet; to get together
俱乐部,club (i.e. a group or organization); CL:個|个[ge4]
据说,it is said that; reportedly
捐,to contribute; to donate; contribution; tax; to abandon
卷,"to roll (up); to sweep up; coil; to carry on; classifier for small rolled things (wad of paper money, scroll, movie tape etc)"
决赛,finals (of a competition)
决心,determination; resolution; determined; firm and resolute; to make up one's mind; CL:個|个[ge4]
绝对,absolute; unconditional
角色,persona; character in a novel
军事,military affairs; military matters; military
均匀,even; well-distributed; homogeneous
卡车,truck; CL:輛|辆[liang4]
开发,exploit (a resource); open up (for development); to develop
开放,to lift (a ban or restriction); to open to the outside world (politics); to open for public use; to come into bloom (of flowers)
开幕式,opening ceremony
开心,to feel happy; to rejoice; to have a great time; to make fun of sb
砍,to chop; to cut down; to throw sth at sb
看不起,to look down upon; to despise
看来,apparently; it seems that; it appears; it seems
抗议,protest
烤鸭,roast duck
颗,"classifier for small spheres, pearls, corn grains, teeth, hearts, satellites etc"
可见,it can clearly be seen (that this is the case); it is (thus) clear; clear; visible
可靠,reliable
可怕,awful; dreadful; fearful; formidable; frightful; scary; hideous; horrible; terrible; terribly
课程,"course; class; CL:堂[tang2],节|節[jie2],門|门[men2]"
克,to be able to; to subdue; to restrain; to overcome; gram
克服,(try to) overcome (hardships etc); to conquer; to put up with; to endure
刻苦,hardworking; assiduous
客观,objective; impartial
客厅,drawing room (room for arriving guests); living room; CL:間|间[jian1]
空间,space; CL:個|个[ge4]
恐怖,terrible; frightful; frightening; terror; terrorist
空闲,idle; free time; leisure
控制,control; to exercise control over; to contain
口味,a person's preferences; tastes (in food); flavor
夸,to boast; to exaggerate; to praise
会计,accountant; accountancy; accounting
矿泉水,"mineral spring water; CL:瓶[ping2],杯[bei1]"
辣椒,hot pepper; chili
蜡烛,"candle; CL:根[gen1],支[zhi1]"
来自,to come from (a place); From: (in email header)
拦,cut off; hinder
烂,soft; mushy; well-cooked and soft; to rot; to decompose; rotten; worn out; chaotic; messy; utterly; thoroughly
狼,"wolf; CL:匹[pi3],隻|只[zhi1],條|条[tiao2]"
劳动,work; toil; physical labor; CL:次[ci4]
劳驾,excuse me
老百姓,"ordinary people; the ""person in the street""; CL:個|个[ge4]"
老板,boss; keeper
老实,honest; sincere; open and guileless; naive
老鼠,rat; mouse; CL:隻|只[zhi1]
姥姥,(informal) mother's mother; maternal grandmother
乐观,optimistic; hopeful
雷,thunder; (internet slang) terrifying; terrific
类,kind; type; class; category; similar; like; to resemble
梨,pear; CL:個|个[ge4]
离婚,to divorce; divorced from (one's spouse)
厘米,centimeter
礼拜天,Sunday
理论,theory; CL:個|个[ge4]
理由,reason; grounds; justification; CL:個|个[ge4]
粒,"grain; granule; classifier for small round things (peas, bullets, peanuts, pills, grains etc)"
立方,cube
立即,immediately
立刻,forthwith; immediate; prompt; promptly; straightway; thereupon; at once
力量,power; force; strength
利润,profits
利息,interest (on a loan); CL:筆|笔[bi3]
利益,benefit; (in sb's) interest; CL:個|个[ge4]
利用,exploit; make use of; to use; to take advantage of; to utilize
连忙,promptly; at once
连续剧,serialized drama; dramatic series; show in parts
联合,to combine; to join; unite; alliance
恋爱,(romantic) love; in love; to have an affair; CL:個|个[ge4]
良好,good; favorable; well; fine
粮食,foodstuff; cereals; CL:種|种[zhong3]
了不起,amazing; terrific; extraordinary
临时,at the instant sth happens; temporary; interim; ad hoc
铃,(small) bell; CL:隻|只[zhi1]
零件,part; component
零钱,change (of money); small change; pocket money
零食,between-meal nibbles; snacks
灵活,flexible; nimble; agile
领导,"lead; leading; to lead; leadership; leader; CL:位[wei4],個|个[ge4]"
领域,domain; sphere; field; territory; area
流传,to spread; to circulate; to hand down
浏览,to skim over; to browse
龙,dragon; CL:條|条[tiao2]; imperial
漏,to leak; to divulge; to leave out by mistake; waterclock or hourglass (old)
露,dew; syrup; nectar; outdoors (not under cover); to show; to reveal; to betray; to expose
陆地,dry land (as opposed to the sea)
陆续,in turn; successively; one after the other; bit by bit
录取,to recruit; to enroll
录音,to record (sound); sound-recording; CL:個|个[ge4]
轮流,to alternate; to take turns
论文,paper; treatise; thesis; CL:篇[pian1]; to discuss a paper or thesis (old)
逻辑,logic (loanword)
落后,to fall behind; to lag (in technology etc); backward; to retrogress
骂,"to scold; abuse; CL:通[tong4],頓|顿[dun4]"
麦克风,microphone (loanword)
馒头,steamed roll; steamed bun; steamed bread; CL:個|个[ge4]
满足,to satisfy; to meet (the needs of)
毛,hair; feather; down
毛病,fault; defect; shortcomings; CL:個|个[ge4]
矛盾,contradictory; contradiction; CL:個|个[ge4]
冒险,to take risks; to take chances; foray; adventure
贸易,(commercial) trade; CL:個|个[ge4]
眉毛,eyebrow; CL:根[gen1]
煤炭,coal
美术,art; fine arts; painting; CL:種|种[zhong3]
魅力,charm; fascination; glamor; charisma
迷路,to lose the way; lost; labyrinth; labyrinthus vestibularis (of the inner ear)
谜语,riddle; conundrum
蜜蜂,"bee; honeybee; CL:隻|只[zhi1],群[qun2]"
密切,close; familiar; intimate; closely (related); to foster close ties; to pay close attention
秘密,secret; CL:個|个[ge4]
秘书,secretary
棉花,cotton
面对,to confront; to face
面积,surface area
面临,to face sth; to be confronted with
苗条,"slim, slender, graceful"
描写,to describe; to depict; to portray; description
秒,second (of time); unit of angle or arc equivalent to one sixtieth of a degree
民主,democracy
明确,clear-cut; definite; explicit; to clarify; to specify; to make definite
明显,clear; distinct; obvious
明信片,postcard
明星,star; celebrity
名牌,famous brand
名片,(business) card
名胜古迹,historical sites and scenic spots
命令,"order; command; CL:道[dao4],個|个[ge4]"
命运,fate; destiny; CL:個|个[ge4]
摸,to feel with the hand; to touch; to stroke; to grope; to feel (one's pulse)
模仿,to imitate; to copy; to emulate; to mimic; model
模糊,vague; indistinct; fuzzy
摩托车,"motorbike; motorcycle; CL:輛|辆[liang4],部[bu4]"
陌生,strange; unfamiliar
某,some; a certain; sb or sth indefinite; such-and-such
目标,target; goal; objective; CL:個|个[ge4]
目录,catalog; table of contents; directory (on computer hard drive); list; contents
目前,at the present time; currently
木头,"slow-witted; blockhead; log (of wood, timber etc); CL:塊|块[kuai4],根[gen1]"
哪怕,even; even if; even though; no matter how
难怪,(it's) no wonder (that...); (it's) not surprising (that)
难看,ugly; unsightly
脑袋,"head; skull; brains; mental capability; CL:顆|颗[ke1],個|个[ge4]"
内科,"medicine; ""internal"" medicine, i.e. treatment by administering drugs, as opposed to surgical intervention 外科[wai4 ke1]; medical department"
嫩,tender; soft; delicate; light (color); inexperienced; unskilled
能干,capable; competent
能源,energy; power source; CL:個|个[ge4]
年代,a decade of a century (e.g. the Sixties); age; era; period; CL:個|个[ge4]
年纪,"age; CL:把[ba3],個|个[ge4]"
念,"to read; to study (a degree course); to read aloud; to miss (sb); idea; remembrance; twenty (banker's anti-fraud numeral corresponding to 廿, 20)"
宁可,preferably; one would prefer to...(or not to...); would rather; (would) be better to; (to pick) the lesser of two evils
牛仔裤,jeans; CL:條|条[tiao2]; also written 牛崽褲|牛崽裤
浓,concentrated; dense
农民,peasant; CL:個|个[ge4]
农业,agriculture; farming
女士,"lady; madam; CL:個|个[ge4],位[wei4]"
偶然,incidentally; occasional; occasionally; by chance; randomly
拍,to pat; to clap; to slap; fly-swatter; racket; to take (a photograph)
排队,to line up
排球,volleyball; CL:個|个[ge4]
派,clique; school; group; faction; to dispatch; to send; to assign; to appoint; pi (Greek letter Ππ); the circular ratio pi = 3.1415926
盼望,to hope for; look forward to
赔偿,to compensate
培养,to train; culture; to bring up; to groom (for a position)
佩服,admire
配合,matching; fitting in with; compatible with; to correspond; to fit; to conform to; rapport; to coordinate with; to act in concert with; to cooperate; to become man and wife; to combine parts of machine
盆,"basin; flower pot; unit of volume equal to 12 斗 and 8 升, approx 128 liters; CL:個|个[ge4]"
碰见,to run into; to meet (unexpectedly); to bump into
披,to drape over one's shoulders; to open; to unroll; to split open; to spread out
批,"to ascertain; to act on; to criticize; to pass on; classifier for batches, lots, military flights; tier (for the ranking of universities and colleges)"
批准,to approve; to ratify
皮鞋,leather shoes
疲劳,fatigue; wearily; weariness; weary
匹,"ordinary person; classifier for horses, mules etc; classifier for cloth: bolt"
片,"thin piece; flake; a slice; film; TV play; to slice; to carve thin; partial; incomplete; one-sided; classifier for slices, tablets, tract of land, area of water; classifier for CDs, movies, DVDs etc; used with numeral 一[yi1]: classifier for scenario, scene, feeling, atmosphere, sound etc"
片面,unilateral; one-sided
飘,to float
频道,frequency; (television) channel
品种,breed; variety; CL:個|个[ge4]
凭,"to lean against; to rely on; on the basis of; no matter (how, what etc); proof"
平,flat; level; equal; to tie (make the same score); to draw (score); calm; peaceful; see also 平聲|平声[ping2 sheng1]
平常,ordinary; common; usually; ordinarily
平等,equal; equality
平方,"square (as in square foot, square mile, square root)"
平衡,balance; equilibrium
平静,tranquil; undisturbed; serene
平均,average
评价,to evaluate; to assess
破产,to go bankrupt; to become impoverished; bankruptcy
破坏,destruction; damage; to wreck; to break; to destroy
迫切,urgent; pressing
朴素,plain and simple; unadorned; simple living; not frivolous
期待,to look forward to; to await; expectation
期间,period of time; time; time period; period; CL:個|个[ge4]
其余,the rest; the others; remaining; remainder; apart from them
奇迹,miracle; miraculous; wonder; marvel
启发,to enlighten; to explain and arouse interest; to inspire; inspiration; heuristic (attributively); to teach; CL:個|个[ge4]
企图,attempt; CL:種|种[zhong3]
企业,company; firm; enterprise; corporation; CL:家[jia1]
气氛,atmosphere; mood
汽油,gas; gasoline; CL:升[sheng1]
牵,to pull (an animal on a tether); to lead along; to hold hands
谦虚,modest; self-effacing; to make modest remarks
签字,to sign (a signature)
前途,prospects; future outlook; journey
浅,"shallow, not deep; superficial"
欠,deficient; owe; to lack; yawn
枪,"gun; firearm; rifle; spear; CL:支[zhi1],把[ba3]"
强调,to emphasize (a statement); to stress
强烈,intense; (violently) strong
抢,fight over; to rush; to scramble; to grab; to rob; to snatch
悄悄,quietly; secretly; stealthily
瞧,look at
巧妙,ingenious; clever
切,to cut; to slice; tangent (math)
亲爱,Dear or beloved (way of starting a letter)
亲切,amiable; friendliness; gracious; hospitality; intimate; cordial; kind; close and dear; familiar
亲自,personally
侵略,invasion; encroachment
勤奋,hardworking; diligent
勤劳,hardworking; industrious; diligent
青,nature's color; green or blue; greenish black; youth; young (of people); abbr. for Qinghai province 青海
青少年,an adolescent; a youth; young person; teenage; teenager
轻视,contempt; contemptuous; to despise; to scorn; scornful
青春,youth; youthfulness
清淡,"light (of food, not greasy or strongly flavored); insipid; slack (sales)"
情景,scene; sight; circumstances; CL:個|个[ge4]
情绪,feeling; sentiment; CL:種|种[zhong3]
请求,request; CL:個|个[ge4]
庆祝,celebrate
球迷,soccer fan; crazy about ball sports; CL:個|个[ge4]
趋势,trend; tendency
娶,take a wife; to marry (a woman)
取消,to cancel; cancellation
去世,to pass away; to die
圈,"circle; ring; loop; classifier for loops, orbits, laps of race etc; CL:個|个[ge4]"
全面,all-around; comprehensive; total; overall
权力,(wield) power
权利,power; right; privilege
劝,to advise; to urge; to try to persuade; exhort
缺乏,shortage; be lacking; to be short of; to lack; scarcity
确定,definite; certain; fixed; to fix (on sth); to determine; to be sure; to ensure; to make certain; to ascertain; to clinch; to recognize; to confirm; OK (on computer dialog box)
确认,to confirm; to verify; confirmation
燃烧,combustion; flaming; kindle
嚷,blurt out; to shout
绕,to wind; to coil (thread); to rotate around; to spiral; to move around; to go round (an obstacle); to by-pass; to make a detour; to confuse; to perplex
热爱,to love ardently; to adore
热烈,warm (welcome etc)
热心,enthusiasm; zeal; zealous; zest; enthusiastic; ardent; warmhearted
人才,a person's talent; talented person; distinguished person; a talent (worth head-hunting); person's looks; an attractive woman; used interchangeably with 人材; CL:個|个[ge4]
人口,population
人类,humanity; human race; mankind
人生,human life
人事,human affairs; ways of the world; consciousness of the world; what is humanly possible; personnel matters; sexual awareness; sexual passion; facts of life
人物,"a person; a character (in a play, novel etc); a protagonist; CL:個|个[ge4]"
人员,staff; crew; personnel; CL:個|个[ge4]
忍不住,cannot help; unable to bear
日常,daily; everyday
日程,schedule; itinerary; CL:個|个[ge4]
日历,"calendar; CL:張|张[zhang1],本[ben3]"
日期,date; CL:個|个[ge4]
日用品,"articles for daily use; CL:件[jian4],個|个[ge4]"
融化,to melt; to thaw; to dissolve; to blend into; to combine; to fuse
荣幸,honored
荣誉,honor; credit; glory; (honorable) reputation
如何,how; what way; what
如今,nowadays; now
软件,(computer) software
弱,weak; feeble; young; inferior; (following a decimal or fraction) slightly less than
洒,to sprinkle; to spray; to spill; to shed
嗓子,throat; voice; CL:把[ba3]
杀,to kill; to murder; to fight; to weaken or reduce; to smart (topolect); to counteract; (used after a verb) extremely
沙漠,desert; CL:個|个[ge4]
沙滩,sand bar; beach; CL:片[pian4]
傻,foolish
晒,"to dry in the sun; to sunbathe; to share files (loan from ""share"")"
删除,to delete; to cancel
闪电,lightning; CL:道[dao4]
善良,good and honest; kind-hearted
善于,be good at; be adept in
扇子,fan; CL:把[ba3]
商品,good; commodity; merchandise; CL:個|个[ge4]
商业,business; trade; commerce
上当,taken in (by sb's deceit); to be fooled; to be duped
勺子,scoop; ladle; CL:把[ba3]
蛇,snake; serpent; CL:條|条[tiao2]
舌头,tongue; CL:個|个[ge4]; enemy soldier captured for the purpose of extracting information
舍不得,to hate to do sth; to hate to part with; to begrudge
设备,equipment; facilities; installations; CL:個|个[ge4]
设计,plan; design; to design; to plan; CL:個|个[ge4]
设施,facilities; installation
射击,to shoot; to fire (a gun)
摄影,to take a photograph; photography; to shoot (a movie)
伸,to stretch; to extend
深刻,profound; deep; deep-going
身材,stature; build (height and weight); figure
身份,identity; status; capacity; dignity; position; rank
神话,fairy tale; mythology; myth
神经,nerve
神秘,mysterious; mystery
升,to raise; to hoist; to promote; metric liter (also written 公升); measure for dry grain equal to one-tenth dou 斗
生产,childbirth; parturition; to produce; manufacture
生动,vivid; lively
声调,tone; note; a tone (on a Chinese syllable); CL:個|个[ge4]
绳子,cord; string; rope; CL:條|条[tiao2]
省略,to leave out; an omission
胜利,victory; CL:個|个[ge4]
诗,poem; CL: 首[shou3]; poetry; verse; abbr. for Book of Songs 詩經|诗经[shi1 jing1]
失眠,(suffer from) insomnia
失去,to lose
失业,unemployment
时代,age; era; epoch; period; CL:個|个[ge4]
时刻,moment; CL:個|个[ge4]; constantly; always
时髦,in vogue; fashionable
时期,a period in time or history; period; time (interval); phase; CL:個|个[ge4]
时尚,fashion
实话,truth
实践,to practice; to put into practice; to fulfill
实习,to practice; field work
实现,to achieve; to implement; to realize; to bring about
实行,to implement; to carry out; to put into practice
实验,"to experiment; experiments; CL:個|个[ge4],次[ci4]"
实用,practical; functional; pragmatic; applied (science)
食物,food; CL:種|种[zhong3]
石头,stone; CL:塊|块[kuai4]
使劲儿,to exert all one's strength
始终,from beginning to end; all along
是否,whether (or not); if; is or isn't
试卷,"examination paper; test paper; CL:份[fen4],張|张[zhang1]"
士兵,soldier; CL:個|个[ge4]
似的,seems as if; rather like;
事实,a fact; the fact that; CL:個|个[ge4]
事物,thing; object; CL:個|个[ge4]
事先,in advance; before the event; beforehand; prior
收获,benefit; reward
收据,receipt; CL:張|张[zhang1]
手工,handwork; manual
手术,surgical operation; operation; surgery; CL:個|个[ge4]
手套,"glove; mitten; CL:雙|双[shuang1],隻|只[zhi1]"
手续,"formalities; procedures; CL:道[dao4],個|个[ge4]"
手指,"finger; CL:個|个[ge4],隻|只[zhi1]"
受伤,to sustain injuries; wounded (in an accident etc); harmed
寿命,life span; life expectancy
书架,bookshelf; CL:個|个[ge4]
输入,to import; to input
蔬菜,vegetables; produce; CL:種|种[zhong3]
舒适,cozy; snug
梳子,comb; CL:把[ba3]
熟练,practiced; proficient; skilled; skillful
鼠标,mouse (computing)
属于,classified as; to belong to; to be part of
数据,data; numbers; digital; also written 數據|数据
数码,number; numerals; figures; digital; amount; numerical code
摔,to throw down; to fall; to drop and break
甩,to throw; to fling; to swing; to leave behind; to throw off
双方,bilateral; both sides; both parties involved
税,taxes; duties
说不定,can't say for sure; maybe
说服,to persuade; to convince; to talk sb over; Taiwan pr. shui4 fu2
撕,to tear
丝绸,silk cloth; silk
丝毫,the slightest amount or degree; a bit
思考,to reflect on; to ponder over
思想,thought; thinking; idea; ideology; CL:個|个[ge4]
私人,private (citizen); private
似乎,apparently; to seem; to appear; as if; seemingly
寺庙,temple; monastery; shrine
宿舍,dormitory; dorm room; living quarters; hostel; CL:間|间[jian1]
随时,at any time
碎,to break down; to break into pieces; fragmentary
损失,loss; damage; CL:個|个[ge4]; to lose; to damage
缩短,to curtail; to cut down
缩小,reduce; decrease
锁,to lock up; to lock; CL:把[ba3]
所,"actually; place; classifier for houses, small buildings, institutions etc; that which; particle introducing a relative clause or passive; CL:個|个[ge4]"
所谓,so-called; what is called
塔,pagoda; tower; minaret; stupa (abbr. loanword from Sanskrit tapo); CL:座[zuo4]
台阶,flight of steps (leading up to a house); step (over obstacle); bench; fig. way out of an embarrassing situation
太极拳,"shadowboxing or Taiji, T'aichi or T'aichichuan; traditional form of physical exercise or relaxation; a martial art"
太太,"married woman; Mrs.; Madam; wife; CL:個|个[ge4],位[wei4]"
谈判,to negotiate; negotiation; talks; conference; CL:個|个[ge4]
坦率,frank (discussion); blunt; open
烫,to scald; to burn; to iron; hot
桃,peach
逃,to escape; to run away; to flee
逃避,to escape; to evade; to avoid; to shirk
套,"cover; sheath; to encase; a case; to overlap; to interleave; bend (of a river or mountain range, in place names); harness; classifier for sets, collections; tau (Greek letter Ττ)"
特殊,special; particular; unusual; extraordinary
特意,specially; intentionally
特征,characteristic; diagnostic property; distinctive feature; trait
疼爱,to love dearly
提,to carry; to lift; to raise
提倡,to promote; to advocate
提纲,the key point; outline
提问,to question; to quiz; to grill
题目,subject; title; topic; CL:個|个[ge4]
体会,know (through learning or by experience); CL:個|个[ge4]
体积,volume; bulk; CL:個|个[ge4]
体贴,considerate (of other people's needs)
体现,to embody; to reflect; to incarnate
体验,to experience for oneself
天空,sky
天真,naive; innocent; artless
田野,field; open land; CL:片[pian4]
调皮,naughty; mischievous; unruly
调整,adjustment; revision; CL:個|个[ge4]
挑战,challenge
通常,regular; usual; ordinary; normal
通讯,communications; a news story (e.g. dispatched over the wire); CL:個|个[ge4]
铜,copper (chemistry); see also 紅銅|红铜[hong2 tong2]; CL:塊|块[kuai4]
同时,at the same time; simultaneously
统一,to unify; to unite; to integrate
统治,to rule (a country); to govern; rule; regime
痛苦,pain; suffering; painful; CL:個|个[ge4]
痛快,overjoyed; delighted; happily; heartily; enjoying; also pr. tong4 kuai5
投资,investment; to invest
透明,transparent; open (non-secretive)
突出,prominent; outstanding; to give prominence to; to protrude; to project
土地,land; territory; soil; local god; Lar; genius loci; CL:片[pian4]
土豆,potato; CL:個|个[ge4]
吐,to vomit; to throw up
兔子,hare; rabbit; CL:隻|只[zhi1]
团,regiment; round; circular; group; society
推辞,"to decline (an appointment, invitation etc)"
推广,to extend; to spread; to popularize; CL:個|个[ge4]
推荐,to recommend; recommendation
退,retreat; to decline; to move back; to withdraw
退步,degenerate; regress
退休,retirement (from work)
歪,askew; at a crooked angle; devious; noxious
外交,diplomacy; diplomatic; foreign affairs; CL:個|个[ge4]
弯,bend; bent; CL:道[dao4]
完美,perfect; perfection; perfectly
完善,perfect; to make perfect; to improve
完整,complete; intact
玩具,plaything; toy
万一,just in case; if by any chance; contingency
王子,prince; son of a king
往返,to go back and forth; to go to and fro
危害,to jeopardize; to harm; to endanger; CL:個|个[ge4]
微笑,smile; CL:個|个[ge4]
威胁,to threaten; to menace
违反,to violate (a law)
维护,to defend; to safeguard; to protect; to uphold; to maintain
围巾,scarf; shawl; CL:條|条[tiao2]
围绕,to revolve around; to center on (an issue)
唯一,only; sole
尾巴,tail
伟大,great; mighty; large
委屈,to feel wronged; to nurse a grievance; to cause sb to feel wronged
委托,to entrust; to trust; to commission
胃,stomach; CL:個|个[ge4]
位置,position; place; seat; CL:個|个[ge4]
未必,not necessarily; maybe not
未来,future; tomorrow; approaching; coming; pending; CL:個|个[ge4]
卫生间,bathroom; toilet; WC; CL:間|间[jian1]
温暖,warm
温柔,gentle and soft; tender
闻,to hear; news; well-known; famous; reputation; fame; to smell; to sniff at; surname Wen
文件,document; file; CL:份[fen4]
文具,"stationery; item of stationery (pen, pencil, eraser, pencil sharpener etc)"
文明,civilized; civilization; culture; CL:個|个[ge4]
文学,literature; CL:種|种[zhong3]
吻,kiss; mouth
稳定,steady; stable; stability; to stabilize; to pacify
问候,to give one's respects; to send a greeting
卧室,bedroom; CL:間|间[jian1]
屋子,house; room; CL:間|间[jian1]
无奈,without choice; for lack of better option; grudgingly; willy-nilly; nolens volens; abbr. for 無可奈何|无可奈何[wu2 ke3 nai4 he2]
无数,countless; numberless; innumerable
武器,weapon; arms; CL:種|种[zhong3]
武术,military skill or technique (in former times); all kinds of martial art sports (some claiming spiritual development); self-defense; tradition of choreographed fights from opera and film (recent usage); also called kungfu 功夫; CL:種|种[zhong3]
雾,"fog; mist; CL:場|场[chang2],陣|阵[zhen4]"
物理,physics; physical
物质,matter; substance; material; materialistic; CL:個|个[ge4]
吸收,to absorb; to assimilate; to ingest
系,to connect; to relate to; to tie up; to bind; to be (literary)
系统,system; CL:個|个[ge4]
细节,details; particulars
戏剧,drama; play; theater
瞎,blind; groundlessly; foolishly; to no purpose
吓,to frighten; to scare; to intimidate; to threaten
下载,to download; also pr. xia4 zai4
鲜艳,bright-colored; gaily-colored
显得,to seem; to look; to appear
显然,clear; evident; obvious(ly)
显示,to show; to illustrate; to display; to demonstrate
县,"county, PRC administrative division below prefecture 地區|地区[di4 qu4]; CL:個|个[ge4]"
现金,cash
现实,reality; actuality; real; actual; CL:個|个[ge4]
现象,appearance; phenomenon; CL:個|个[ge4]
相处,get along with each other
相当,equivalent to; appropriate; considerably; to a certain extent; fairly
相对,relatively; opposite; to resist; to oppose; relative; vis-a-vis
相关,interrelated; correlation; dependence; relevance; mutuality
相似,to resemble; similar; like; resemblance; similarity
想念,miss; remember with longing; long to see again
想象,to imagine; to fancy; CL:個|个[ge4]
享受,to enjoy; to live it up; pleasure; CL:種|种[zhong3]
项,neck; sum; funds
项链,necklace
项目,item; project; sports event; CL:個|个[ge4]
橡皮,rubber; an eraser; CL:塊|块[kuai4]
象棋,Chinese chess; CL:副[fu4]
象征,emblem; symbol; token; badge; to symbolize; to signify; to stand for
消费,to consume; CL:個|个[ge4]
消化,digest; digestion; digestive
消灭,to put an end to; to annihilate; to cause to perish; to perish; annihilation (in quantum field theory)
消失,to disappear; to fade away
销售,to sell; market; sales
小吃,snack; refreshments; CL:家[jia1]
小伙子,lad; young fellow; youngster; CL:個|个[ge4]
小麦,wheat; CL:粒[li4]
小气,stingy; petty; miserly; narrow-minded
小偷,thief
效率,efficiency
孝顺,filial piety; to be obedient to one's parents
歇,to rest
斜,inclined; slanting; oblique; tilting
协调,to coordinate; to harmonize; negotiation
心理,mental; psychological
心脏,"heart; CL:顆|颗[ke1],個|个[ge4]"
欣赏,to appreciate; to enjoy; to admire
信封,envelope; CL:個|个[ge4]
信号,signal
信息,information; news; message
行动,operation; action; to move; mobile; CL:個|个[ge4]
行人,pedestrian; traveler on foot; passer-by; official responsible for arranging audiences with the emperor
行为,action; conduct; behavior; activity
形成,to form; to take shape
形容,to describe; description; appearance; look
形式,form; shape; situation; circumstance; CL:個|个[ge4]
形势,circumstances; situation; terrain; CL:個|个[ge4]
形象,image; form; figure; CL:個|个[ge4]; visualization; vivid
形状,form; shape; CL:個|个[ge4]
性质,nature; characteristic; CL:個|个[ge4]
幸亏,fortunately; luckily
幸运,fortunate; lucky; fortune; luck
胸,chest; bosom; heart; mind; thorax
兄弟,older and younger brother; brothers; brotherly; fraternal; CL:個|个[ge4]
雄伟,grand; imposing; magnificent; majestic
修改,to amend; to alter; to modify
休闲,leisure; relaxation; not working; idle
虚心,modest
叙述,to relate (a story or information); to tell or talk about; to recount; narration; telling; narrative; account
宣布,to declare; to announce; to proclaim
宣传,to disseminate; to give publicity to; propaganda; CL:個|个[ge4]
选举,"to elect; election; CL:次[ci4],個|个[ge4]"
学期,term; semester; CL:個|个[ge4]
学术,learning; science; academic; CL:個|个[ge4]
学问,learning; knowledge; CL:個|个[ge4]
询问,to inquire
寻找,to seek; to look for
训练,to train; to drill; training; CL:個|个[ge4]
迅速,rapid; speedy; fast
延长,to prolong; to extend; to delay
严肃,solemn; solemnity
宴会,"banquet; feast; dinner party; CL:席[xi2],個|个[ge4]"
阳台,balcony; porch
痒,to itch; to tickle
样式,type; style
腰,waist; lower back; pocket; middle; loins
摇,shake; to rock
咬,to bite; to nip
要不,"otherwise; or; or else; how about...? (one choice or the other); either this, or else..."
要是,if
夜,night
液体,liquid
业务,business; profession; CL:個|个[ge4]
业余,spare time; amateur; extra-curricular
依然,still; as before
一辈子,(for) a lifetime
一旦,"in case (sth happens); if; once (sth happens, then...); when; in a short time; in one day"
一路平安,to have a pleasant journey; Bon voyage!
一致,unanimous; identical (views or opinions)
移动,to move; movement; migration; mobile; portable
移民,to immigrate; to migrate; emigrant; immigrant
遗憾,regret; pity; sorry
疑问,a question; sth not understood; to query; interrogative (gramm.); CL:個|个[ge4]
乙,"second of 10 heavenly stems 十天干; second in order; letter ""B"" or roman ""II"" in list ""A, B, C"", or ""I, II, III"" etc; second party (in legal contract, usually 乙方|乙方[yi3 fang1], as opposed to 甲方|甲方[jia3 fang1]); ethyl; bent; winding; radical in Chinese characters (Kangxi radical 5)"
以及,as well as; too; and
以来,since (a previous event)
意外,unexpected; accident; mishap; CL:個|个[ge4]
意义,meaning; significance; CL:個|个[ge4]
议论,to comment; to talk about; to discuss; discussion; CL:個|个[ge4]
义务,duty; obligation; commitment; volunteer duty; CL:項|项[xiang4]; mandatory; voluntary
因而,"therefore; as a result; thus; and as a result, ..."
因素,element; factor; CL:個|个[ge4]
银,silver; silver-colored; relating to money or currency
英俊,handsome
英雄,hero; CL:個|个[ge4]
迎接,to meet; to welcome; to greet
营养,nutrition; nourishment; CL:種|种[zhong3]
营业,to do business; to trade
影子,shadow; reflection; CL:個|个[ge4]
硬币,a coin; CL:枚[mei2]
硬件,hardware
应付,to deal with; to cope
应聘,to accept a job offer; to apply for an advertised position
应用,to use; to apply; application; applicable
拥抱,to embrace; to hug
拥挤,to crowd
勇气,courage; valor
用途,use; application
优惠,preferential; favorable
优美,graceful; fine; elegant
优势,superiority; dominance; advantage
悠久,established; long
邮局,"post office; CL:家[jia1],個|个[ge4]"
游览,to go sight-seeing; to tour; to visit; CL:次[ci4]
犹豫,to hesitate
油炸,to deep fry
有利,advantageous; to have advantages; favorable
幼儿园,kindergarten; nursery school
娱乐,to entertain; to amuse; entertainment; recreation; amusement; hobby; fun; joy
与其,"rather than...; 與其|与其 A 不如|不如 B (rather than A, better to B)"
语气,tone; manner of speaking; mood; CL:個|个[ge4]
宇宙,universe; cosmos
预报,forecast
预订,to place an order; to book ahead
预防,to prevent; to take precautions against; to protect; to guard against; precautionary; prophylactic
玉米,corn; maize; CL:粒[li4]
元旦,New Year's Day
缘故,reason; cause
原料,raw material; CL:個|个[ge4]
原则,principle; doctrine; CL:個|个[ge4]
愿望,desire; wish; CL:個|个[ge4]
晕,confused; dizzy; giddy; faint; swoon; lose consciousness; pass out
运气,luck (good or bad)
运输,transport; haulage; transit; CL:個|个[ge4]
运用,to use; to put to use
灾害,disastrous damage; scourge; CL:個|个[ge4]
再三,over and over again; again and again
赞成,approve; endorse
赞美,admire; applause; praise; to eulogize
糟糕,too bad; how terrible; what bad luck; terrible; bad
造成,to bring about; to create; to cause
则,conjunction used to express contrast with a previous sentence or clause; standard; norm; rule; to imitate; to follow; then; principle; classifier for written items (such as an official statement)
责备,to blame; to criticize sb
摘,"to take; to borrow; to pick (flowers, fruit etc); to pluck; to select; to remove; to take off (glasses, hat etc)"
粘贴,"to stick; to affix; to adhere; to paste (as in cut, copy and paste)"
展开,to unfold; to carry out; to be in full swing; to launch
展览,"to put on display; to exhibit; exhibition; show; CL:個|个[ge4],次[ci4]"
占线,busy (telephone)
战争,"war; conflict; CL:場|场[chang2],次[ci4]"
涨,"to rise (of prices, rivers)"
掌握,"to grasp (often fig.); to master; to know well; to understand sth well and know how to use it; fluency; to control; to seize (initiative, opportunity, destiny)"
账户,a bank account
招待,to receive (guests); to entertain; reception
着凉,catch cold
照常,(business etc) as usual
召开,to convene (a conference or meeting); to convoke; to call together
哲学,philosophy; CL:個|个[ge4]
真理,truth; CL:個|个[ge4]
真实,true; real
针对,to be directed against; to be aimed at; to counter; in the light of; in connection with
珍惜,treasure; value; cherish; Taiwan pr. zhen1 xi2
诊断,diagnosis; to diagnose
枕头,pillow
阵,disposition of troops; wave; spate; burst; spell; short period of time; classifier for events or states of short duration
振动,vibration
睁,to open (eye)
争论,"to argue; to debate; to contend; argument; contention; controversy; debate; CL:次[ci4],場|场[chang3]"
争取,to fight for; to strive for; to win over
征求,"to solicit; to seek; to request (opinions, feedback etc); to petition"
整个,whole; entire; total
整体,"whole entity; entire body; synthesis; as a whole (situation, construction, team etc); global; macrocosm; integral; holistic; whole"
正,"upright; centrally located; (of time or figure) exactly; correct; (of taste) pure
"
政策,policy; CL:個|个[ge4]
政府,government; CL:個|个[ge4]
政治,politics; political
证件,paperwork; credentials
证据,evidence; proof; testimony
挣钱,to make money
支,"to support; to sustain; to erect; to raise; branch; division; to draw money; surname Zhi; classifier for rods such as pens and guns, for army divisions and for songs or compositions; watt, classifier for power of light bulbs"
支票,check (bank); cheque; CL:本[ben3]
直,straight; to straighten; fair and reasonable; frank; straightforward; (indicates continuing motion or action); vertical; vertical downward stroke in Chinese characters
执行,implement; carry out; to execute; to run
执照,a license; a permit
指导,to guide; to give directions; to direct; to coach; guidance; tuition; CL:個|个[ge4]
指挥,to conduct; to command; to direct; conductor (of an orchestra); CL:個|个[ge4]
制定,to draw up; to formulate
制度,"system (e.g. political, adminstrative etc); institution; CL:個|个[ge4]"
制作,make; manufacture
智慧,wisdom; knowledge; intelligent; intelligence
至今,until now
至于,as for; as to; to go so far as to
治疗,to treat; to cure; medical treatment; cure
秩序,order (orderly); order (sequence); social order; the state (of society); CL:個|个[ge4]
志愿者,volunteer
钟,"clock; a (hanging) bell; to concentrate (one's affection, etc.)"
中介,to act as intermediary; to link; intermediate; inter-; agency; agent
中心,center; heart; core; CL:個|个[ge4]
中旬,middle third of a month
重,heavy; serious
重量,weight; CL:個|个[ge4]
周到,thoughtful; considerate; attentive; thorough
逐步,progressively; step by step
竹子,"bamboo; CL:棵[ke1],支[zhi1],根[gen1]"
煮,to cook; to boil
主持,to take charge of; to manage or direct; to preside over; to uphold; to stand for (eg justice); to host (a TV or radio program etc)
主观,subjective
主人,master; host; CL:個|个[ge4]
主席,"chairperson; premier; chairman; CL:個|个[ge4],位[wei4]"
主张,to advocate; to stand for; view; position; stand; proposition; viewpoint; assertion; CL:個|个[ge4]
嘱咐,to tell; to exhort; injunction
祝福,blessings; wish well
注册,to register; to enroll
抓紧,to grasp firmly; to pay special attention to; to rush in; to make the most of
专家,expert; specialist; CL:個|个[ge4]
专心,to concentrate; absorption; concentration; engrossed
转变,change; transform; CL:個|个[ge4]
转告,to pass on; to communicate; to transmit
装,adornment; to adorn; dress; clothing; costume (of an actor in a play); to play a role; to pretend; to install; to fix; to wrap (sth in a bag); to load; to pack
装饰,to decorate; decoration; decorative; ornamental
状况,condition; state; situation; CL:個|个[ge4]
状态,state of affairs; state; mode; situation; CL:個|个[ge4]
追求,to pursue (a goal etc) stubbornly; to seek after; to woo
资格,qualifications
资金,funds; funding; capital
资料,"material; resources; data; information; profile (Internet); CL:份[fen4],個|个[ge4]"
资源,natural resource (such as water or minerals); resource (such as manpower or tourism)
姿势,posture; position
咨询,to consult; to seek advice; consultation; (sales) inquiry (formal)
紫,purple; violet; amethyst; Lithospermum erythrorhizon (flowering plant whose root provides red purple dye); Japanese: murasaki
字幕,caption; subtitle
自从,since (a time); ever since
自动,automatic; voluntarily
自豪,(feel a sense of) pride; to be proud of sth (in a good way)
自觉,conscious; aware; on one's own initiative; conscientious
自私,selfish; selfishness
自信,confidence; self-confidence
自由,freedom; free; liberty; CL:個|个[ge4]
自愿,voluntary
综合,comprehensive; composite; synthesized; to sum up; to integrate; to synthesize
宗教,religion
总裁,chairman; director-general (of a company etc)
总共,altogether; in sum; in all; in total
总理,"premier; prime minister; CL:個|个[ge4],位[wei4],名[ming2]"
总算,at long last; finally; on the whole
总统,"president (of a country); CL:個|个[ge4],位[wei4],名[ming2],屆|届[jie4]"
总之,in a word; in short; in brief
组合,to assemble; combination; combinatorial
祖国,ancestral land CL:個|个[ge4]; homeland; used for PRC
祖先,ancestor; forebears
阻止,to prevent; to block
醉,intoxicated
最初,first; primary; initial
罪犯,criminal
尊敬,respect; to revere
遵守,to comply with; to abide by; to respect (an agreement)
作品,"work (of art); opus; CL:部[bu4],篇[pian1]"
作为,one's conduct; deed; activity; accomplishment; achievement; to act as; as (in the capacity of); qua; to view as; to look upon (sth as); to take sth to be
作文,to write an essay; composition (student essay); CL:篇[pian1]